SiteID,cell_id,Longitude,Latitude,X,Y,RSRP(dBm)
2604287,5,119.410061,35.357436,-324.51763368269894,-38.32410610932857,-104.0
2604287,5,119.417675,35.357077,368.4150929360185,-61.270243762061,-95.0
2604287,5,119.404686,35.357976,-814.4521821400849,9.697031924966723,-92.57
2604287,5,119.425288,35.357077,1060.288251924445,-44.33945295587182,-91.0
2604287,5,119.41342,35.348083,6.051072274101898,-1068.4632287053391,-82.0
2604287,5,119.428871,35.359774,1378.5693098091288,262.84161440609023,-103.0
2604287,5,119.400656,35.361753,-1190.8605903399875,419.8065212694928,-105.0
2604287,5,119.414092,35.363732,24.778153917053714,669.056155723054,-91.0
2604287,5,119.415435,35.358156,161.92116907448508,53.45778859267011,-79.0
2604287,5,119.413644,35.359415,-4.250210671103559,189.15396438911557,-88.5
2604287,5,119.410285,35.356897,-302.70410092454404,-97.62247000122443,-102.64
2604287,5,119.403343,35.357616,-935.5328244890552,-33.20484825083986,-96.0
2604287,5,119.410285,35.356537,-301.73134364711586,-137.55922192754224,-102.25
2604287,5,119.410285,35.361393,-314.8534880640218,401.14335268503055,-90.0
2604287,5,119.4123,35.360314,-128.8212182536954,285.90647401474416,-88.0
2604287,5,119.413868,35.363911,3.9381543124327436,688.4169778074138,-90.0
2604287,5,119.417003,35.355638,311.2426160390023,-222.39849128341302,-89.67
2604287,5,119.419466,35.360494,521.9131369498791,321.7753163082525,-92.0
2604287,5,119.417451,35.351501,363.16878036258277,-680.3443895792589,-106.0
2604287,5,119.417451,35.354379,355.3696929936996,-361.07184974336997,-100.0
2604287,5,119.406478,35.357256,-649.654309955542,-66.21729267202318,-97.5
2604287,5,119.415659,35.356177,187.63756400928833,-165.58676936430857,-77.0
2604287,5,119.410957,35.357256,-242.60277394240256,-56.30888110259548,-75.56
2604287,5,119.411628,35.357616,-182.595570769161,-14.886141102295369,-75.0
2604287,5,119.408045,35.357077,-506.76216335443314,-82.61031657410786,-86.29
2604287,5,119.40715,35.357616,-589.5544829868013,-24.795150693506002,-84.0
2604287,5,119.409165,35.353299,-394.77292779739946,-499.24660425819457,-81.0
2604287,5,119.410957,35.360314,-250.86853725055698,282.93179086456075,-93.57
2604287,5,119.419914,35.355638,575.8002264042152,-215.93283700337633,-89.0
2604287,5,119.414092,35.363012,26.727067601983435,589.1825050325133,-84.67
2604287,5,119.410061,35.355638,-319.659725449048,-237.78597908327356,-78.0
2604287,5,119.421705,35.359235,728.8042749840533,187.08491466613486,-85.33
2604287,5,119.412524,35.364811,-120.6292745245155,785.2800488369539,-91.0
2604287,5,119.403343,35.358156,-936.9877924846951,26.700187780428678,-98.0
2604287,5,119.413196,35.358156,-41.55717409809586,48.493102392647415,-86.5
2604287,5,119.411404,35.357796,-203.4392316659214,4.586132896132767,-76.03
2604287,5,119.401999,35.362472,-1070.7521284971153,502.53099415730685,-102.0
2604287,5,119.409389,35.358336,-388.0199330961332,60.03054804680869,-98.0
2604287,5,119.408045,35.356897,-506.27623429044615,-102.57868235278875,-85.0
2604287,5,119.412076,35.359235,-146.25962627318222,165.71078633982688,-82.73
2604287,5,119.417227,35.355278,332.5757192746969,-261.8380521745421,-87.75
2604287,5,119.421481,35.354558,721.1441912918817,-332.25968573242426,-101.0
2604287,5,119.40603,35.357976,-692.3106442122953,12.666091078426689,-88.33
2604287,5,119.410509,35.358156,-285.74921467748936,42.541124529670924,-83.0
2604287,5,119.411404,35.357616,-202.95261491509154,-15.38225122122094,-76.75
2604287,5,119.403791,35.357077,-893.3662897277391,-92.01000733207911,-97.67
2604287,5,119.404015,35.357256,-873.4915692517534,-71.65805805288255,-96.28
2604287,5,119.411628,35.358336,-184.54223190585617,64.98740267986432,-77.14
2604287,5,119.408045,35.360494,-515.9871271044249,296.4559202287346,-105.0
2604287,5,119.413868,35.356897,22.920663645956665,-89.68514502421021,-74.0
2604287,5,119.407822,35.357796,-528.9693032634677,-3.340945327654481,-77.0
2604287,5,119.408717,35.357976,-448.1183274689829,18.606982918921858,-85.33
2604287,5,119.408941,35.353479,-415.61711260746233,-479.7738202433102,-99.0
2604287,5,119.432454,35.358695,1707.1265992394183,151.14047907106578,-95.0
2604287,5,119.412972,35.360854,-69.21301059424877,347.300744832959,-84.52
2604287,5,119.404239,35.357256,-853.134471240337,-71.16347291553393,-101.54
2604287,5,119.412748,35.357256,-79.83656292164233,-52.34167792741209,-82.0
2604287,5,119.417898,35.354738,395.02151517779566,-320.253471870441,-93.0
2604287,5,119.408269,35.356357,-484.4611159063643,-161.98836652282625,-92.0
2604287,5,119.416555,35.355997,269.5549186168937,-183.56698408909142,-89.2
2604287,5,119.412748,35.360314,-88.10847747011576,286.89914250653237,-84.81
2604287,5,119.413644,35.357436,1.104944120743312,-30.387467194348574,-76.6
2604287,5,119.412972,35.357436,-59.96635092096403,-31.87690221844241,-90.33
2604287,5,119.417003,35.35276,319.0404983565677,-541.6710508652031,-99.0
2604287,5,119.40088,35.361573,-1170.0201036412036,400.3320976556279,-107.0
2604287,5,119.412076,35.359415,-146.74639836524148,185.6791781471111,-87.86
2604287,5,119.42081,35.359774,646.0055056187557,244.88899706071243,-82.0
2604287,5,119.410061,35.358156,-326.4630190276075,41.54940513614565,-83.75
2604287,5,119.423049,35.360494,847.5241584239993,329.74325773864985,-98.0
2604287,5,119.408493,35.354738,-459.73244972294196,-341.0972511204891,-96.0
2604287,5,119.412524,35.358875,-104.57262596755754,126.76656287768856,-80.67
2604287,5,119.409613,35.357976,-366.6905599042075,20.589494040235877,-85.61
2604287,5,119.413644,35.361753,-10.577153728692792,448.52133082877845,-92.05
2604287,5,119.417227,35.355458,332.08795356051996,-241.8696459759958,-90.75
2604287,5,119.414763,35.363732,85.75384072656743,670.5441800812259,-89.5
2604287,5,119.40603,35.362832,-705.4100485036615,551.3682123334147,-110.0
2604287,5,119.405806,35.357976,-712.6675699785119,12.171132476069033,-92.5
2604287,5,119.411628,35.360134,-189.4036287314957,264.4494254528545,-95.0
2604287,5,119.413196,35.348083,-14.308378768502735,-1068.9596501849592,-87.0
2604287,5,119.418794,35.356717,471.0864804642042,-98.72184338513762,-82.0
2604287,5,119.410733,35.360494,-271.71141285891645,302.4041908560321,-101.29
2604287,5,119.408717,35.353839,-436.94723389460705,-440.3326315325685,-89.0
2604287,5,119.410733,35.355997,-259.5573311195476,-196.47256062505767,-81.0
2604287,5,119.416331,35.355997,249.19744264369365,-184.06409977702424,-83.33
2604287,5,119.417003,35.367509,279.07251643924974,1094.5189393316396,-83.0
2604287,5,119.410733,35.359235,-268.3085661501391,162.7364192502573,-97.38
2604287,5,119.406478,35.357976,-651.5967893425841,13.656146777328104,-94.0
2604287,5,119.419914,35.355458,576.2885374674806,-235.90125684207305,-87.0
2604287,5,119.407822,35.359774,-534.3088658293709,216.08924944885075,-91.0
2604287,5,119.421481,35.344666,747.9930623925757,-1429.6348261553794,-113.0
2604287,5,119.403791,35.357616,-894.8188151490176,-32.21590443700552,-104.0
2604287,5,119.417003,35.355817,310.75760085112415,-202.54102079197764,-94.0
2604287,5,119.408717,35.358156,-448.6044053521473,38.575354914646596,-92.0
2604287,5,119.409389,35.355997,-381.70199631305877,-199.44736319920048,-87.68
2604287,5,119.408717,35.354558,-438.88865926105063,-360.5701210689731,-96.0
2604287,5,119.414316,35.356537,64.60952637635637,-128.6286630211398,-76.0
2604287,5,119.410285,35.355458,-298.8158258056501,-257.2585305282846,-80.18
2604287,5,119.413868,35.356537,23.894869551993906,-129.6219319277443,-76.0
2604287,5,119.402895,35.357976,-977.2166247636778,5.743078428786248,-99.57
2604287,5,119.409613,35.356717,-363.28950875008013,-119.0781913609244,-93.5
2604287,5,119.414763,35.357256,103.28686968784314,-47.87476948928088,-98.0
2604287,5,119.419914,35.355278,576.7768463565735,-255.86967619182542,-86.0
2604287,5,119.41342,35.357976,-20.713228245615028,29.021190171595663,-81.0
2604287,5,119.415435,35.355817,168.25495987804607,-206.02049978403375,-91.0
2604287,5,119.403343,35.356897,-933.5955917095998,-112.96728751156479,-99.0
2604287,5,119.407374,35.357256,-568.2258623529924,-64.23664475558326,-98.0
2604287,5,119.421034,35.359595,666.8479268078227,225.52955803181976,-91.0
2604287,5,119.409837,35.355817,-340.50083403941244,-218.4243185655214,-83.57
2604287,5,119.42081,35.354918,659.1845254724612,-293.8148462995887,-95.0
2604287,5,119.414092,35.359055,37.437352995970286,150.21037314319983,-91.5
2604287,5,119.412972,35.359774,-66.29121972958092,227.490351583343,-89.75
2604287,5,119.408493,35.357436,-467.0171817614464,-41.79363921890035,-89.75
2604287,5,119.408717,35.357796,-447.63225175009575,-1.361388586461544,-95.42
2604287,5,119.415883,35.356177,207.99499135056976,-165.08979107392952,-79.5
2604287,5,119.408717,35.356177,-443.2603679682361,-180.96577467722818,-87.0
2604287,5,119.410957,35.361034,-252.81478565745056,362.80535096349195,-102.0
2604287,5,119.412748,35.358875,-84.21589298581239,127.26291146641597,-77.0
2604287,5,119.414092,35.348263,66.64238681364805,-1047.005316034425,-96.0
2604287,5,119.416779,35.355817,290.4000773624284,-203.0382277118042,-83.14
2604287,5,119.410061,35.358695,-327.9193787870463,101.34360827738419,-81.0
2604287,5,119.408717,35.362293,-459.7766917804256,497.51523987343535,-93.0
2604287,5,119.400656,35.357976,-1180.694797993172,0.8042354783974588,-92.5
2604287,5,119.413868,35.357616,20.974931997596286,-9.922500867396593,-80.0
2604287,5,119.414987,35.3524,136.79046470439062,-586.0808591167443,-103.36
2604287,5,119.414316,35.357436,62.1762491974514,-28.897616687230766,-92.25
2604287,5,119.410061,35.36571,-346.87544199603144,879.556133871898,-88.0
2604287,5,119.410061,35.355817,-320.14334511652123,-217.92854231130332,-85.56
2604287,5,119.41342,35.357796,-20.226201775716618,9.052795723546296,-88.06
2604287,5,119.409165,35.356177,-402.54558126674965,-179.97463327040896,-89.91
2604287,5,119.411628,35.358515,-185.02619887469336,84.84485436510295,-78.13
2604287,5,119.415883,35.355997,208.4824940477265,-185.0581926573068,-84.0
2604287,5,119.421929,35.354379,762.3459100819891,-351.12079407740384,-100.0
2604287,5,119.410061,35.355098,-318.20077406219207,-297.69109266391024,-84.52
2604287,5,119.410285,35.358695,-307.5626127680298,101.83944816235453,-87.0
2604287,5,119.409613,35.35222,-351.1422186170239,-617.9545491742902,-93.0
2604287,5,119.408269,35.367689,-515.0597116824938,1095.1321278307587,-95.0
2604287,5,119.407598,35.359954,-555.1512214267859,235.5622820793651,-103.0
2604287,5,119.410957,35.356717,-241.14592363417614,-116.1030855840072,-82.15
2604287,5,119.410061,35.357976,-325.976669443422,21.581026589963585,-82.38
2604287,5,119.414316,35.363372,46.10822445282247,629.6160284709185,-82.0
2604287,5,119.418794,35.354199,477.9142272672616,-378.05776966782287,-96.0
2604287,5,119.409389,35.357796,-386.5612918956904,0.12542223278433084,-85.0
2604287,5,119.409837,35.354918,-338.0721763375914,-318.155233675614,-88.74
2604287,5,119.411404,35.360854,-211.706640621298,343.8268669056706,-88.0
2604287,5,119.411628,35.360494,-190.37701558403205,304.38621008675545,-81.0
2604287,5,119.417898,35.354918,394.53362033877056,-300.28506385954097,-90.0
2604287,5,119.410509,35.356897,-282.34688146435656,-97.12659486429766,-98.0
2604287,5,119.410733,35.359595,-269.2815694833407,202.67319025285542,-97.0
2604287,5,119.419242,35.354558,517.6564993327484,-337.2366077322513,-98.0
2604287,5,119.409837,35.361034,-354.59567900386173,360.32584975194186,-102.0
2604287,5,119.410509,35.359235,-288.6651985400822,162.24048375850543,-96.6
2604287,5,119.409613,35.354738,-357.9436702246312,-338.6193258478306,-85.0
2604287,5,119.403119,35.357436,-955.4048877643654,-53.66759418370202,-96.0
2604287,5,119.408941,35.35294,-414.16161864995956,-539.5679644555785,-84.0
2604287,5,119.410285,35.356177,-300.7585950314533,-177.49597188970074,-100.0
2604287,5,119.416107,35.356177,228.35241980850697,-164.59276662068442,-84.0
2604287,5,119.403343,35.357436,-935.0478394754464,-53.1731926118955,-99.0
2604287,5,119.408045,35.357796,-508.7032015856821,-2.8477839254774153,-86.5
2604287,5,119.422601,35.358515,812.1866123147774,109.20439531980082,-83.0
2604287,5,119.406926,35.362472,-623.0156793420902,513.4118744973093,-106.0
2604287,5,119.409837,35.356177,-341.47339286794886,-178.4875749326311,-102.0
2604287,5,119.411181,35.357436,-222.7322087911889,-35.844483244698495,-77.16
2604287,5,119.408493,35.361573,-478.1882284457097,417.1461755372584,-98.33
2604287,5,119.408941,35.357077,-425.33350449521095,-80.62838123412803,-94.0
2604287,5,119.408941,35.357616,-426.7891474054195,-20.834203250240535,-84.0
2604287,5,119.410509,35.355638,-278.944654201041,-236.79429025622085,-80.3
2604287,5,119.4123,35.364811,-140.98451289301738,784.7837103717029,-105.0
2604287,5,119.40088,35.357976,-1160.3378977571847,1.298132721800357,-98.5
2604287,5,119.409389,35.369667,-418.63158071856014,1317.040789972525,-99.0
2604287,5,119.411852,35.357976,-163.21194231091067,25.546788275707513,-74.0
2604287,5,119.400432,35.361753,-1211.216539244284,419.3126473650336,-99.6
2604287,5,119.410957,35.353659,-232.88089569739532,-455.3435910125263,-80.83
2604287,5,119.400656,35.361573,-1190.3760989408474,399.83817867189646,-101.0
2604287,5,119.412076,35.358695,-144.79932299850043,105.80561385955662,-77.11
2604287,5,119.41857,35.354199,457.55628781649284,-378.55533583881333,-96.0
2604287,5,119.420362,35.355098,617.9805942019448,-274.84235162334517,-86.0
2604287,5,119.404463,35.357976,-834.7182221373077,9.204558603465557,-90.75
2604287,5,119.410285,35.35276,-291.5260207221145,-556.5621925890446,-85.5
2604287,5,119.411181,35.354558,-214.95279728143942,-355.11666632443666,-82.2
2604287,5,119.411404,35.360314,-210.24668645265047,283.9216910265386,-91.0
2604287,5,119.408717,35.354199,-437.91929234878626,-400.3959096088074,-91.5
2604287,5,119.418794,35.356177,472.5507669892395,-158.6270937905647,-90.33
2604287,5,119.41342,35.361753,-30.933167089824565,448.02478009369224,-83.94
2604287,5,119.417451,35.354918,353.90899606549647,-301.2775693242438,-71.0
2604287,5,119.417451,35.356537,349.5213681505993,-121.67283047642559,-98.4
2604287,5,119.403343,35.357796,-936.0178116617026,-13.236503399442881,-104.0
2604287,5,119.411404,35.357436,-202.46600033063442,-35.35063484683633,-78.37
2604287,5,119.411181,35.357976,-224.19192380050663,24.060665843077004,-77.5
2604287,5,119.412748,35.360494,-88.59539841173682,306.8675405336544,-84.54
2604287,5,119.414092,35.362472,28.18873009388335,529.2772721634246,-90.6
2604287,5,119.410733,35.355278,-257.61420879967045,-276.235126033891,-79.25
2604287,5,119.410061,35.356177,-321.1159945075633,-177.99179649399593,-105.0
2604287,5,119.419242,35.355817,514.2420153387357,-197.5686343992129,-88.5
2604287,5,119.425736,35.356717,1101.981759715709,-83.2783743920736,-80.0
2604287,5,119.414987,35.356357,126.07796494138893,-147.10902955383062,-79.2
2604287,5,119.409389,35.354379,-377.33178619958926,-378.94079928146675,-87.64
2604287,5,119.410733,35.356537,-261.01672248437535,-136.56742985919118,-80.86
2604287,5,119.410957,35.357436,-243.0892959968187,-36.34050014615059,-77.75
2604287,5,119.401775,35.358156,-1079.4858392695896,23.24031572090462,-100.8
2604287,5,119.407598,35.360674,-557.094736153842,315.43577277334407,-95.0
2604287,5,119.4123,35.359235,-125.90298608795274,166.20704478444532,-85.71
2604287,5,119.408717,35.361573,-457.83219428977463,417.64170971745625,-98.5
2604287,5,119.417003,35.355278,312.21805907646194,-262.3353019775823,-71.0
2604287,5,119.421481,35.359055,708.9362592302496,166.61828056536615,-88.0
2604287,5,119.41342,35.359595,-25.09385822864715,208.62582671595737,-92.0
2604287,5,119.409837,35.354558,-337.0996477965964,-358.0919704437256,-87.25
2604287,5,119.411181,35.354199,-213.98243698850274,-394.9424788360484,-79.5
2604287,5,119.410061,35.355278,-318.687089025625,-277.72272196179256,-83.28
2604287,5,119.413868,35.362293,8.317360109183937,508.92315144557506,-89.5
2604287,5,119.412748,35.360674,-89.08232152077835,326.83593904972076,-83.7
2604287,5,119.417003,35.354738,313.681207345915,-322.2405143431388,-89.5
2604287,5,119.409837,35.356357,-341.9596755297389,-158.5192023818381,-105.63
2604287,5,119.411181,35.353839,-213.00938239542302,-434.8792247977108,-79.0
2604287,5,119.401999,35.357976,-1058.644258979708,3.7661053650081158,-97.0
2604287,5,119.414316,35.363192,46.59549707965925,609.6476149489172,-92.5
2604287,5,119.399984,35.358156,-1242.2498044987442,19.291150242090225,-98.5
2604287,5,119.413196,35.361034,-49.34379129472654,367.7655994584784,-85.77
2604287,5,119.410733,35.35312,-251.7823468259303,-515.6337106730789,-83.25
2604287,5,119.410957,35.360494,-251.35509610327426,302.9001801540144,-97.0
2604287,5,119.411404,35.360134,-209.76003939576913,263.9533000472002,-92.0
2604287,5,119.421034,35.354738,680.0308240085142,-313.285237475764,-95.0
2604287,5,119.419018,35.353839,499.2483907811111,-417.4969799160026,-95.0
2604287,5,119.409165,35.354019,-396.71738962095696,-419.3731555948034,-82.0
2604287,5,119.415211,35.364631,124.03027207544073,771.2690714080818,-105.0
2604287,5,119.417898,35.356357,390.63309405208565,-140.64871775824577,-101.5
2604287,5,119.414763,35.3524,116.43209170573391,-586.5776297752745,-101.5
2604287,5,119.421929,35.359055,749.6497250444954,167.6147181391716,-83.0
2604287,5,119.409613,35.355997,-361.34455489891116,-198.95167817780748,-83.86
2604287,5,119.408045,35.357976,-509.18914145499,17.12058430397883,-82.67
2604287,5,119.410733,35.355638,-258.5871169070015,-236.29837659792975,-69.0
2604287,5,119.410957,35.355278,-237.25657983019482,-275.73916839715093,-89.0
2604287,5,119.403791,35.357256,-893.8486661523348,-72.15259702596813,-100.1
2604287,5,119.408717,35.354738,-439.37469605065417,-340.6017583911307,-99.0
2604287,5,119.408717,35.36625,-470.4639439166058,936.4869895172305,-88.0
2604287,5,119.412524,35.358695,-104.08576980710495,106.79817035514861,-89.0
2604287,5,119.402223,35.358156,-1038.7721171658486,24.228619775734842,-99.0
2604287,5,119.408717,35.360854,-455.8904320411384,337.8791228570044,-97.67
2604287,5,119.410509,35.355997,-279.9147781027714,-196.96847646310925,-84.57
2604287,5,119.4123,35.358336,-123.47163618379273,66.47602313803509,-81.0
2604287,5,119.417227,35.35258,339.8865251301322,-561.1422152463347,-103.5
2604287,5,119.411852,35.358336,-164.18536778038833,65.48356333374977,-78.95
2604287,5,119.407822,35.357616,-528.4834106384078,-23.30931198084727,-86.17
2604287,5,119.417003,35.354558,314.1689190926263,-342.20891748555005,-93.0
2604287,5,119.417227,35.356357,329.65180228929967,-142.13854324258864,-98.0
2604287,5,119.400432,35.361573,-1210.7320931317518,399.3443058547564,-109.0
2604287,5,119.410285,35.355638,-299.302190380753,-237.29015775211155,-82.24
2604287,5,119.41969,35.355638,555.4426433589542,-216.4306427608244,-91.4
2604287,5,119.420138,35.355278,597.1345210789004,-255.3718264629133,-101.0
2604287,5,119.401551,35.358156,-1099.8426986557897,22.746232939884067,-96.0
2604287,5,119.409165,35.355997,-402.0594366140431,-199.94300205539912,-89.55
2604287,5,119.417898,35.375063,339.9163310234435,1934.51569525199,-98.0
2604287,5,119.421481,35.344846,747.5045650042593,-1409.6664279918186,-106.0
2604287,5,119.414539,35.358875,78.5471326939296,131.23314454220235,-90.4
2604287,5,119.410957,35.357077,-242.1189569364069,-76.1663261204958,-74.36
2604287,5,119.410509,35.358875,-287.6922944395337,122.30371690355241,-93.0
2604287,5,119.410285,35.358156,-306.10611740814056,42.045241750311106,-91.0
2604287,5,119.410733,35.359415,-268.7950667338446,182.70480450615287,-98.25
2604287,5,119.408493,35.351321,-450.50708026241045,-720.1632314505987,-89.0
2604287,5,119.411181,35.354019,-213.4959086086601,-414.91085206205025,-80.2
2604287,5,119.409389,35.358156,-387.53371719794814,40.0621722843498,-88.57
2604287,5,119.403119,35.357976,-956.8597134350566,6.237437105271965,-96.2
2604287,5,119.416107,35.357976,223.47952935658395,34.98035151185468,-88.0
2604287,5,119.417003,35.357436,306.3706899534445,-22.936279643326998,-84.0
2604287,5,119.411628,35.359774,-188.43025054549798,224.51264278031886,-92.0
2604287,5,119.412748,35.359774,-86.64772765117232,226.99395136814564,-88.5
2604287,5,119.417451,35.356357,350.0091921655694,-141.64124070620164,-97.86
2604287,5,119.409389,35.361213,-395.7915776593145,379.19182057259604,-98.17
2604287,5,119.408493,35.360854,-476.24664709332865,337.3835930363275,-110.0
2604287,5,119.411181,35.360314,-230.51217409514356,283.4278252357617,-92.2
2604287,5,119.425512,35.361213,1069.398194514797,414.99028426222503,-111.0
2604287,5,119.412972,35.360674,-68.72604003059678,327.3323447322473,-86.54
2604287,5,119.411181,35.354738,-215.43933214817662,-335.1482916283421,-80.0
2604287,5,119.40491,35.357976,-794.0952619307209,10.191759706940502,-91.71
2604287,5,119.410285,35.356357,-301.24496825644746,-157.52759715449065,-95.4
2604287,5,119.409389,35.353659,-375.3871259437874,-458.8142562392168,-82.0
2604287,5,119.400208,35.357976,-1221.4085951376474,-0.18342051794752479,-112.0
2604287,5,119.409165,35.357796,-406.9182796261739,-0.3702275385148823,-82.5
2604287,5,119.413868,35.362472,7.832895405590534,528.7806247244589,-86.71
2604287,5,119.412972,35.364451,-78.94476017844863,746.3360430002213,-92.0
2604287,5,119.408941,35.354738,-419.0169412625255,-340.10621949937195,-86.0
2604287,5,119.417451,35.355278,352.9333805904025,-261.34075620863587,-96.0
2604287,5,119.410957,35.355638,-238.22957849910017,-235.80241677723825,-72.0
2604287,5,119.408045,35.357436,-507.7313283373369,-42.78451891383156,-84.0
2604287,5,119.413196,35.360854,-48.85677327623125,347.79719777498394,-87.75
2604287,5,119.41342,35.357616,-19.739177474169992,-10.915598233230412,-84.91
2604287,5,119.403791,35.357796,-895.3038928866154,-12.247557405848056,-96.0
2604287,5,119.41342,35.359415,-24.606812256737612,188.65742785762995,-84.5
2604287,5,119.410285,35.359055,-308.5354219683213,141.77621185127646,-100.0
2604287,5,119.410285,35.360674,-312.91046818892937,321.38073725951836,-103.67
2604287,5,119.418346,35.356357,431.34788161795586,-139.65378994774073,-86.0
2604287,5,119.408269,35.357976,-488.83220457239076,17.61600434500724,-83.75
2604287,5,119.412972,35.357796,-60.94021622242872,8.05988083127886,-83.0
2604287,5,119.414987,35.364451,104.16239851654973,750.8037599893287,-97.0
2604287,5,119.412972,35.357616,-60.453282487695105,-11.908510939218104,-88.75
2604287,5,119.407598,35.357796,-549.3262832091423,-3.836272154469043,-87.4
2604287,5,119.408717,35.35222,-432.57577801903244,-619.9369205948897,-84.0
2604287,5,119.409837,35.356537,-342.4459603567375,-138.5508293393068,-96.73
2604287,5,119.4123,35.359595,-126.87662301014643,206.14383107610047,-85.87
2604287,5,119.411628,35.357796,-183.08223280345555,5.082244107034057,-75.2
2604287,5,119.408941,35.360494,-434.56190682726447,298.437938448973,-94.0
2604287,5,119.410733,35.357077,-262.4761333420174,-76.66229467885569,-104.5
2604287,5,119.414763,35.363911,85.26917882880662,690.4016616032459,-92.0
2604287,5,119.408941,35.361573,-437.47615901893005,418.1372900628485,-101.0
2604287,5,119.410285,35.358875,-308.04901628533844,121.80782976094633,-90.0
2604287,5,119.409613,35.358336,-367.6630801029969,60.5262472582981,-97.0
2604287,5,119.413868,35.359235,16.59352640400175,169.6821465319954,-94.5
2604287,5,119.412972,35.361034,-69.69998332555406,367.2691454240121,-85.0
2604287,5,119.417451,35.356177,350.49701400869526,-161.609650447499,-103.6
2604287,5,119.409165,35.361213,-416.14770572748967,378.69615007704124,-98.0
2604287,5,119.410733,35.356897,-261.98966089019086,-96.63067356264219,-90.57
2604287,5,119.409165,35.357976,-407.40444591164123,19.598146150354296,-81.22
2604287,5,119.410509,35.359595,-289.63811130297836,202.17725257622078,-99.0
2604287,5,119.409613,35.354379,-356.97393776581157,-378.44512408040464,-91.14
2604287,5,119.401327,35.361393,-1128.9143598051742,381.34952324442565,-107.0
2604287,5,119.41342,35.357256,-18.765135375782847,-50.85238467855379,-83.67
2604287,5,119.419242,35.353839,519.6064230280463,-416.9993236111477,-94.0
2604287,5,119.408717,35.354019,-437.43326203967445,-420.3642708165571,-93.0
2604287,5,119.409165,35.358156,-407.89061436173506,39.56652032956481,-93.0
2604287,5,119.410957,35.356177,-239.6863899261225,-176.00822109915316,-85.0
2604287,5,119.421257,35.359415,687.6022737817839,206.05700392462313,-84.0
2604287,5,119.4123,35.359774,-127.36074015090708,226.00128943566233,-84.54
2604287,5,119.409837,35.356897,-343.41853650589474,-98.61408178322017,-94.8
2604287,5,119.406702,35.357976,-631.2398602433968,14.151243873406202,-93.0
2604287,5,119.413644,35.357796,0.13080711907241493,9.54932241793722,-82.0
2604287,5,119.413868,35.359415,16.106392029556446,189.65054708672687,-85.0
2604287,5,119.414539,35.357616,81.95522484381218,-8.43472614325583,-85.0
2604287,5,119.407822,35.357976,-529.4551980518736,16.627421816810966,-86.4
2604287,5,119.410733,35.359055,-267.82206773222424,142.76803448516876,-73.0
2604287,5,119.412748,35.358515,-83.24209226330277,87.32612472493201,-76.5
2604287,5,119.410957,35.353299,-231.90794465946965,-495.2803318463266,-81.63
2604287,5,119.409613,35.354558,-357.4574523164192,-358.5876928945072,-84.75
2604287,5,119.408941,35.357436,-426.30303073173855,-40.802574866916984,-90.25
2604287,5,119.412748,35.358695,-83.72899154073093,107.29451785003766,-81.25
2604287,5,119.412524,35.359055,-105.05948429531418,146.7349558910355,-90.0
2604287,5,119.408269,35.357616,-487.86023643100634,-22.320733808912337,-84.11
2604287,5,119.417003,35.355098,312.70577733777463,-282.3037065877579,-90.0
2604287,5,119.409389,35.353839,-375.8732877606526,-438.84589273435995,-81.38
2604287,5,119.411404,35.358156,-204.41247166704852,44.522902600932866,-77.29
2604287,5,119.410509,35.360674,-292.5541989466874,321.876635317225,-99.33
2604287,5,119.420138,35.360134,583.9590488796821,283.33195453323424,-101.0
2604287,5,119.397297,35.366789,-1509.6456989942817,971.0750570311211,-88.0
2604287,5,119.421257,35.345026,726.6558052954497,-1390.1960932975635,-106.0
2604287,5,119.411628,35.358156,-184.05556337174494,45.0190159981139,-77.34
2604287,5,119.418122,35.354738,415.37931568559725,-319.7560409074649,-87.0
2604287,5,119.410061,35.356537,-322.0886525599053,-138.05504871625453,-103.13
2604287,5,119.411404,35.357976,-203.9258505832404,24.55451750382781,-75.85
2604287,5,119.419242,35.356897,511.31290541705675,-77.75812189653516,-86.0
2604287,5,119.412524,35.359595,-106.52007228333969,206.640137872193,-87.92
2604287,5,119.403567,35.357616,-915.1758203764912,-32.71039942651987,-95.0
2604287,5,119.413196,35.357796,-40.583209557808004,8.556315195281059,-86.0
2604287,5,119.40491,35.358336,-795.0658806310967,50.128467111848295,-99.0
2604287,5,119.410957,35.356357,-240.1728989960393,-156.03984308429062,-89.0
2604287,5,119.409389,35.357976,-387.0475034646224,20.093797013629228,-78.0
2604287,5,119.417003,35.354918,313.19349342759233,-302.2721107113175,-92.0
2604287,5,119.408941,35.360674,-435.0480602685129,318.40631840005517,-98.67
2604287,5,119.412972,35.360134,-67.26514134649187,267.4271473712288,-89.0
2604287,5,119.410061,35.356717,-322.57498483383097,-118.0866740909405,-97.38
2604287,5,119.422153,35.358875,770.4952646197053,148.14456607215106,-85.5
2604287,5,119.408941,35.354199,-417.5614019740606,-399.9003739878535,-83.0
2604287,5,119.414316,35.359055,57.79404849756975,150.70704598492011,-93.0
2604287,5,119.413196,35.364271,-58.10236871277448,726.8641067920253,-90.0
2604287,5,119.411628,35.358695,-185.51287173014134,104.81324202520773,-81.0
2604287,5,119.408493,35.367868,-495.1886660376331,1115.485114752315,-95.0
2604287,5,119.410509,35.357077,-282.8333086336497,-77.15821707248688,-105.5
2604287,5,119.408717,35.351501,-430.634464936913,-699.6994056012481,-88.0
2604287,5,119.411404,35.357256,-201.97938791255,-55.31901798443869,-79.17
2604287,5,119.416555,35.357616,265.16880277579185,-3.962258238811046,-85.5
2604287,5,119.40491,35.357796,-793.6099558215356,-9.776593260467052,-92.0
2604287,5,119.403567,35.357976,-916.1458874463569,7.226292948704213,-97.14
2604287,5,119.414763,35.363552,86.24120806949213,650.5757633978501,-95.0
2604287,5,119.410061,35.356357,-321.60232245118823,-158.02342284983024,-104.29
2604287,5,119.410285,35.355817,-299.78585507778917,-217.43271989375353,-82.51
2604287,5,119.412748,35.360134,-87.62155869638082,266.9307449697517,-87.5
2604287,5,119.410509,35.356717,-281.8604564606212,-117.09497216530144,-99.55
2604287,5,119.403567,35.356897,-913.238406720804,-112.47284303838387,-94.0
2604287,5,119.417675,35.356537,369.8787138614571,-121.1754806805402,-99.13
2604287,5,119.410957,35.359055,-247.46538894379046,143.26401505013928,-79.0
2604287,5,119.408941,35.354019,-417.0753263857914,-419.8687362866476,-95.0
2604287,5,119.410957,35.357976,-244.54887515620794,23.564645663369447,-77.13
2604287,5,119.408493,35.356177,-463.617759648012,-181.4612761354074,-86.6
2604287,5,119.41342,35.361393,-29.959025325486436,408.0879711089656,-86.45
2604287,5,119.412748,35.359954,-87.1346420898335,246.96234792284667,-89.41
2604287,5,119.413644,35.357616,0.6178767042001709,-10.419072632677853,-81.24
2604287,5,119.404015,35.357077,-873.0091477968963,-91.51546944212168,-101.0
2604287,5,119.410733,35.356357,-260.53025653015357,-156.53580727102235,-85.64
2604287,5,119.409389,35.356177,-382.188186247251,-179.47899332130328,-90.5
2604287,5,119.417675,35.356897,368.9029687498696,-81.23865655809641,-89.0
2604287,5,119.408941,35.361034,-436.0203736437252,358.34307977650315,-100.0
2604287,5,119.410061,35.357077,-323.54765587777365,-78.14992336789146,-103.0
2604287,5,119.410509,35.357796,-284.77633654046804,2.604363554622978,-69.0
2604287,5,119.413644,35.361933,-11.064273151219822,468.4897371502593,-88.82
2604287,5,119.41342,35.361933,-31.420241224230267,467.99318531993777,-90.0
2604287,5,119.412972,35.360494,-68.2390716348309,307.36394512234256,-88.35
2604287,5,119.40715,35.357976,-590.5259987020399,15.141576557420194,-87.67
2604287,5,119.413196,35.361213,-49.82810580753721,387.6230660639703,-90.06
2604287,5,119.409613,35.358515,-368.1466419806238,80.38368917116895,-91.0
2604287,5,119.422601,35.358695,811.6977211063495,129.17283664038405,-88.0
2604287,5,119.411852,35.358156,-163.6986539622303,45.515175559557974,-80.75
2604287,5,119.417451,35.35258,360.24486513773445,-560.6449357066303,-101.33
2604287,5,119.417675,35.356177,370.8544502845034,-161.1123028434813,-97.63
2604287,5,119.421034,35.354918,679.542295236839,-293.31681410828605,-91.4
2604287,5,119.414092,35.363911,24.293626934755594,688.9136339877732,-85.0
2604287,5,119.414539,35.357436,82.44247319200076,-28.403125076554716,-88.31
2604287,5,119.414539,35.363732,65.39831972622778,670.0473866886459,-89.0
2604287,5,119.411852,35.360494,-170.02069437829778,304.8823838434182,-93.0
2604287,5,119.410733,35.357796,-264.419342129142,3.100290312897414,-72.0
2604287,5,119.410509,35.35294,-271.6541379705304,-536.097976051271,-84.0
2604287,5,119.412524,35.358336,-103.11476871499326,66.97232228750363,-79.0
2604287,5,119.417227,35.357256,327.2155968454899,-42.407428287900984,-88.0
2604287,5,119.417227,35.354738,334.03900338697713,-321.74326782813296,-89.0
2604287,5,119.411181,35.357616,-223.21877829474397,-15.876100705936551,-73.92
2604287,5,119.409389,35.354019,-376.3594517422607,-418.87752874102443,-88.5
2604287,5,119.4123,35.360134,-128.334390052245,265.93807866517454,-88.25
2604287,5,119.4123,35.358875,-124.92935783462599,126.27026045462117,-79.17
2604287,5,119.400656,35.358156,-1181.179246293148,20.772568254265934,-93.0
2604287,5,119.418122,35.356537,410.5025276169181,-120.18286342080683,-83.0
2604287,5,119.417675,35.355997,371.34231523773633,-181.080713190604,-101.5
2604287,5,119.403567,35.357077,-913.7234305501916,-92.50449905823916,-118.0
2604287,5,119.421481,35.354738,720.6555743358331,-312.29126066481695,-92.0
2604287,5,119.406926,35.357976,-610.8829300276702,14.646387133281678,-90.0
2604287,5,119.410285,35.357976,-305.61972254049033,22.076862111222,-81.9
2604287,5,119.414316,35.363012,47.08276753744576,589.6792019186541,-92.67
2604287,5,119.405806,35.358156,-713.153059380711,32.139490293804556,-100.0
2604287,5,119.415211,35.357436,143.51379164110404,-26.91272120922804,-86.0
2604287,5,119.408941,35.357796,-427.2752662434941,-0.8658311450853944,-80.0
2604287,5,119.417898,35.356717,389.65726312377956,-100.71189243346453,-82.5
2604287,5,119.408493,35.361213,-477.2160832583904,377.2094155875966,-103.0
2604287,5,119.408717,35.361034,-456.3765445241006,357.8475026995875,-102.2
2604287,5,119.417675,35.356357,370.366583159077,-141.1438920069486,-100.91
2604287,5,119.409837,35.357976,-346.3336152305128,21.08523723250255,-79.94
2604287,5,119.410285,35.355997,-300.27222397190053,-197.46434613736346,-85.0
2604287,5,119.406254,35.357976,-671.9537173345452,13.161095845513046,-85.6
2604287,5,119.4123,35.359415,-126.38980346533936,186.17543768463656,-85.41
2604287,5,119.417227,35.356177,330.13957885012496,-162.10695188771933,-106.0
2604287,5,119.401999,35.358156,-1059.1289787738351,23.734444667119533,-100.5
2604287,5,119.417003,35.355458,311.7303386434214,-242.36689687520266,-89.0
2604287,5,119.415211,35.356177,146.92271267308388,-166.5805874504149,-75.0
2604287,5,119.413196,35.357256,-39.12227900756989,-51.3488619257696,-76.0
2604287,5,119.415883,35.357976,203.12255347776227,34.483316112309694,-82.0
2604287,5,119.402671,35.357976,-997.5735349821625,5.248765917960554,-90.67
2604287,5,119.415211,35.35276,156.17418967338745,-545.6472648005001,-103.0
2604287,5,119.401551,35.357976,-1099.358069427195,2.7778958156704903,-97.0
2604287,5,119.407598,35.357616,-548.840435866965,-23.804637715686113,-94.5
2604287,5,119.411852,35.358695,-165.1560979214264,105.30940486025065,-78.69
2604287,5,119.429319,35.359595,1419.7700265470194,243.98356571886688,-100.0
2604287,5,119.411181,35.357256,-222.24564145400655,-55.812865293584764,-75.64
2604287,5,119.413644,35.364091,-16.90446261386387,707.8887799936347,-95.5
2604287,5,119.420362,35.355278,617.492196924286,-254.8739305702038,-84.33
2604287,5,119.411852,35.358515,-164.6693797815824,85.34101610677317,-79.12
2604287,5,119.410285,35.357616,-304.64693930151407,-17.859895697329193,-80.0
2604287,5,119.414092,35.356717,43.76505025534425,-109.15692625613883,-74.5
2604287,5,119.402447,35.358156,-1018.4152544501703,24.72284104814753,-99.0
2604287,5,119.414092,35.356537,44.252197406371124,-129.1253205561079,-77.0
2604287,5,119.411628,35.357976,-183.56889700423926,25.05062980670482,-77.04
2604287,5,119.420586,35.359774,625.6489586330717,244.39098143577576,-91.0
2604287,5,119.424169,35.357616,957.1280430336483,12.963025625795126,-82.0
2604287,5,119.412076,35.359595,-147.2331726247212,205.6475704452023,-96.0
2604287,5,119.409613,35.357796,-366.20430305204354,0.6211181674152613,-82.5
2604287,5,119.408941,35.357976,-427.76138724572957,19.102541452273726,-81.0
2604287,5,119.401551,35.361213,-1108.0736478684703,361.8752334699966,-98.0
2604287,5,119.411852,35.359954,-168.56048149091657,244.97720435028896,-95.83
2604287,5,119.425736,35.362832,1085.3510264571523,595.0945818694308,-102.0
2604287,5,119.423273,35.360674,867.391485561966,350.21023537870497,-101.0
2604287,5,119.410061,35.360854,-333.7531183582032,340.85327126970515,-102.71
2604287,5,119.413196,35.357616,-40.09623053960968,-11.412077668588609,-85.21
2604287,5,119.411852,35.358875,-165.6428182279924,125.27779410313815,-79.27
2604287,5,119.414539,35.357256,82.92971937067341,-48.371523519512266,-86.0
2604287,5,119.423049,35.358336,853.3866240883945,90.34378073737025,-83.0
2604287,5,119.412972,35.358336,-62.40103043348063,67.96505908342078,-87.14
2604287,5,119.411181,35.358156,-224.67849980283063,44.029049853328615,-86.0
2604287,5,119.414763,35.358695,99.39118451194372,111.76150495791808,-94.0
2604287,5,119.409837,35.355997,-340.9871123711346,-198.45594699541107,-84.28
2604287,5,119.410285,35.35294,-292.01235283806454,-536.5938271651976,-83.0
2604287,5,119.410285,35.358336,-306.5925144412322,62.013621881604195,-79.0
2604287,5,119.417227,35.354558,334.52676041412633,-341.71167206577957,-97.0
2604287,5,119.410957,35.353479,-232.39441909536254,-475.3119616736658,-80.25
2604287,5,119.413196,35.359595,-45.45041341613978,208.12933525489643,-89.0
2604287,5,119.410733,35.357976,-264.90582539804745,23.06867164745927,-78.0
2604287,5,119.416107,35.357796,223.96709903038573,15.011943934485316,-83.0
2604287,5,119.417227,35.357077,327.7006743288366,-62.264903764240444,-80.0
2604287,5,119.41342,35.357436,-19.252155340858735,-30.883991700597107,-84.51
2604287,5,119.413196,35.361393,-50.31512814993039,407.5914687276818,-84.0
2604287,5,119.408717,35.357616,-447.1461781951366,-21.329759600106627,-88.17
2604287,5,119.410957,35.357616,-243.5758202172583,-16.372118699830025,-69.5
2604287,5,119.411181,35.357796,-223.70534996443894,4.092282323166728,-75.25
2604287,5,119.415435,35.358336,161.4337309122784,73.4261938650161,-86.33
2604287,5,119.40491,35.363372,-808.6446638321504,608.7988355313428,-101.67
2604287,5,119.417451,35.3524,360.7326414057752,-580.6133351670578,-97.0
2604287,5,119.410509,35.355817,-279.4283639275236,-216.93685131100938,-77.51
2604287,5,119.415435,35.356177,167.2801377818687,-166.08370148949325,-81.0
2604287,5,119.414763,35.357616,102.31228459440172,-7.937969924416393,-88.0
2604287,5,119.410733,35.353299,-252.2660714512458,-495.77627746528015,-81.5
2604287,5,119.412076,35.359055,-145.77285634784494,145.742395022884,-78.24
2604287,5,119.413196,35.360674,-48.3697574257385,327.8287965795025,-96.0
2604287,5,119.410733,35.356717,-261.5031906043878,-116.59905195655301,-83.46
2604287,5,119.404239,35.357976,-855.0751401318703,8.709922944195569,-91.14
2604287,5,119.410285,35.356717,-302.21772120299283,-117.5908462102525,-104.22
2604287,5,119.408941,35.356177,-422.9029751729686,-180.47022705571726,-88.75
2604287,5,119.417451,35.354199,355.85749096947256,-381.0402541006915,-103.0
2604287,5,119.411181,35.360854,-231.97199301084038,343.3329978529364,-82.0
2604287,5,119.412748,35.359595,-86.16352044220548,207.13649083394557,-88.0
2604287,5,119.409613,35.366429,-389.5281598319998,958.327164683491,-102.0
2604287,5,119.404015,35.357616,-874.4618088129209,-31.72136328369379,-105.0
2604287,5,119.415211,35.364271,125.00520742556546,731.3322292561643,-93.0
2604287,5,119.411181,35.357077,-221.7617794169346,-75.67031139880419,-76.45
2604287,5,119.412524,35.359415,-106.03320745332167,186.67174338782206,-86.0
2604287,5,119.41857,35.356357,451.70527707610745,-139.15625679539517,-79.0
2604287,5,119.411181,35.36535,-244.12709404306952,842.0991990445182,-96.0
2604287,5,119.415659,35.358156,182.27809743897524,53.954732755664736,-81.5
2604287,5,119.407822,35.350961,-510.5203990750015,-761.5838567726314,-87.0
2604287,5,119.408045,35.357616,-508.2172638797201,-22.81615166552365,-91.0
2604287,5,119.413196,35.357976,-41.070190743892454,28.52470854949206,-85.5
2604287,5,119.409613,35.354199,-356.48772417532746,-398.4134901482612,-93.0
2604287,5,119.403791,35.357436,-894.3337395708077,-52.184250975959,-107.0
2604287,5,119.410957,35.355098,-236.77008374489378,-295.7075434704311,-82.0
2604287,5,119.408045,35.361933,-519.872266113176,456.0920032276772,-104.33
2604287,5,119.40603,35.357796,-691.825111688464,-7.302267338614911,-92.0
2604287,5,119.412972,35.358515,-62.885267597856,87.8225172907114,-84.0
2604287,5,119.410733,35.355458,-258.1006617703242,-256.26675156038254,-77.67
2604287,5,119.419466,35.355817,534.5995511149522,-197.07091987784952,-88.75
2604287,5,119.413196,35.357436,-39.609253689530306,-31.38047004211694,-87.66
2604287,5,119.419466,35.360674,521.4248556351522,341.74374765716493,-99.0
2604287,5,119.408493,35.357796,-467.9892361414386,-1.8568998645059764,-90.56
2604287,5,119.417451,35.356717,349.0335419635521,-101.70441975677386,-98.2
2604287,5,119.417675,35.356717,369.3908423917601,-101.20706886425614,-102.67
2604287,5,119.425512,35.355997,1083.5822290321812,-163.65118455002084,-105.0
2604287,5,119.421929,35.358875,750.138484748546,147.64627913292497,-90.0
2604287,5,119.417675,35.351681,383.0395822051214,-659.8786723408848,-106.0
2604287,5,119.415211,35.358336,141.07684895035345,72.92929477291182,-87.0
2604287,5,119.413644,35.362113,-11.551394742215052,488.4581439597532,-86.94
2604287,5,119.416107,35.355997,228.8399677873822,-184.56116929883137,-81.4
2604287,5,119.4123,35.359055,-125.41617087763734,146.23865237412974,-79.67
2604287,5,119.408493,35.357976,-468.47526657709386,18.111470548901707,-83.0
2604287,5,119.410061,35.36553,-346.389001547941,859.5877347337082,-85.0
2604287,5,119.429095,35.359774,1398.925898223999,263.34133759886026,-100.0
2604287,5,119.409837,35.355278,-339.0447135390714,-278.21849494520575,-85.0
2604287,5,119.414316,35.356357,65.09671664063353,-148.59705792507157,-68.0
2604287,5,119.423049,35.360674,847.0351527110906,349.71170663367957,-101.0
2604287,5,119.414987,35.35222,137.27774074475747,-606.0492460336536,-103.33
2604287,5,119.410061,35.358336,-326.9493707768852,61.51778417499736,-77.0
2604287,5,119.410061,35.356897,-323.061319273198,-98.11829897481948,-105.3
2604287,5,119.412524,35.360314,-108.46484841906931,286.40278517780825,-86.0
2604287,5,119.411181,35.356897,-221.27521640015766,-95.63869246840477,-79.25
2604287,5,119.404015,35.357796,-874.9469318332849,-11.753015163820237,-104.4
2604287,5,119.410509,35.355458,-278.4582443450345,-256.7626641266979,-81.0
2604287,5,119.41342,35.361213,-29.47195769555401,388.1195673542097,-88.0
2604287,5,119.413644,35.362293,-12.038518501445651,508.42655126191676,-83.83
2604287,5,119.418346,35.356537,430.8598766748328,-119.68537533795461,-80.0
2604287,5,119.411628,35.36517,-203.02101658144966,823.120846522972,-91.0
2604287,5,119.417451,35.357077,348.05788307392504,-61.76759684504941,-88.0
2604287,5,119.408493,35.357616,-467.5032078694785,-21.825269787106663,-87.81
2604287,5,119.410509,35.361213,-294.0109206220368,381.6708655497059,-87.0
2604287,5,119.415211,35.348263,168.34855890320614,-1044.524036295712,-98.0
2604287,5,119.417451,35.35294,359.2693060861202,-520.7081353198737,-101.0
2604287,5,119.415211,35.358515,140.59216165891849,92.78676385665312,-95.0
2604287,5,119.410061,35.355458,-319.1734061547322,-257.7543507674709,-82.12
2604287,5,119.414539,35.363552,65.88564177870285,650.0789710991085,-88.0
2604287,5,119.410509,35.356537,-281.3740336226765,-137.0633489759639,-95.12
2604287,5,119.412076,35.358875,-145.28608858969528,125.77400419628248,-79.57
2604287,5,119.404015,35.357436,-873.9766879525268,-51.68971091322601,-90.0
2604287,5,119.405134,35.357976,-773.738340610289,10.68653365271166,-92.5
2604287,5,119.413868,35.357436,21.462044697604142,-29.890896522905678,-69.0
2604287,5,119.421257,35.354738,700.297757059685,-312.7893838798627,-85.0
2604287,5,119.410733,35.357256,-262.9599053169368,-56.80485074734315,-70.0
2604287,5,119.420586,35.355098,638.3383164451225,-274.3444106639363,-95.33
2604287,5,119.410509,35.356177,-280.4011944436934,-177.0001011234708,-89.21
2604287,5,119.413868,35.362113,8.80452915711794,488.9547430505045,-92.8
2604287,5,119.410957,35.356537,-240.65941023209598,-136.0714645795524,-85.18
2604287,5,119.415211,35.355997,147.41007952427026,-186.54898574901745,-100.0
2604287,5,119.426184,35.356897,1142.2068506700452,-62.311757451854646,-96.5
2604287,5,119.414763,35.356357,105.72058734670281,-147.6058242819272,-78.0
2604287,5,119.423049,35.360134,848.50216331915,289.80636141076684,-100.0
2604287,5,119.416779,35.357436,286.0135737572564,-23.433496416080743,-89.86
2604287,5,119.41857,35.354379,457.06826364202425,-358.58692600624636,-89.33
2604287,5,119.402223,35.357976,-1038.2873520889552,4.260279385372996,-93.33
2604287,5,119.403791,35.356717,-892.3961536649149,-131.94669697945938,-95.0
2604287,5,119.417451,35.35276,359.75708669784945,-540.6765357577242,-93.0
2604287,5,119.409613,35.36553,-387.09909086325206,858.5961105488241,-88.0
2604287,5,119.403343,35.357976,-936.5028009936213,6.7318419450894,-97.29
2604287,5,119.408269,35.357436,-487.3742556057405,-42.28910214873031,-84.0
2604287,5,119.414092,35.362832,27.21429060131777,569.214093585033,-88.67
2604287,5,119.412076,35.359954,-148.2040233128937,245.4734209938906,-95.0
2604287,5,119.414987,35.358695,119.74797392473556,112.25831390218809,-86.0
2604287,5,119.414539,35.356357,85.36321086797398,-148.10257284436375,-75.6
2604287,5,119.420138,35.355458,596.6461669082055,-235.40340601606295,-86.5
2604287,5,119.410509,35.359055,-288.17874540702906,142.27210008585826,-93.58
2604287,5,119.404463,35.357256,-832.7773721157573,-70.66884161438793,-103.4
2604287,5,119.423721,35.357976,915.4356150742387,51.902571505866945,-82.0
2604287,5,119.408269,35.361753,-499.0302920412505,436.6190671455115,-101.5
2604287,5,119.409837,35.354738,-337.5859109845478,-338.1236023050733,-92.0
2604287,5,119.403119,35.357616,-955.8898274955573,-33.69925091182813,-96.0
2604287,5,119.414539,35.348263,107.2703181670513,-1046.0142727540806,-93.0
2604287,5,119.407374,35.357976,-570.1690662644105,15.636812146287411,-83.33
2604287,5,119.411181,35.353659,-212.52285834832583,-454.84759704535827,-84.0
2604287,5,119.411181,35.354379,-214.46896753448527,-374.97410511784256,-81.0
2604287,5,119.410509,35.356357,-280.8876129502896,-157.03172529535368,-83.53
2604287,5,119.410285,35.360854,-313.3968955135206,341.3491242537275,-101.5
2604287,5,119.408941,35.357256,-425.8169162222184,-60.77094599092379,-97.0
2604287,5,119.411852,35.359055,-166.12954070151318,145.2461838372983,-77.0
2604287,5,119.410285,35.355278,-298.329463396105,-277.2269028155133,-79.75
2604287,5,119.414763,35.364091,84.7818071594229,710.3700792654417,-99.0
2604287,5,119.410509,35.357976,-285.2627745261416,22.572743796743453,-77.88
2604287,5,119.41857,35.356537,451.21722685021814,-119.18784108944237,-80.0
2604287,5,119.410061,35.357796,-325.4903220246779,1.612648531794548,-79.17
2604287,5,119.407822,35.357436,-527.9975201765774,-43.27767814323306,-85.4
2604287,5,119.414539,35.363911,64.91370286734309,689.9048671242781,-87.0
2604287,5,119.408941,35.361393,-436.9899947688682,398.16890766005963,-96.0
2604287,5,119.410509,35.35276,-271.16776057682,-556.0663425670937,-82.0
2604287,5,119.408269,35.356177,-483.975150214741,-181.95673142978922,-88.5
2604287,5,119.408717,35.361393,-457.3460753269028,397.6733284047805,-94.6
2604287,5,119.404239,35.357436,-853.6196352232946,-51.1951246871613,-101.5
2604287,5,119.401999,35.362652,-1071.2369021918857,522.4993457314558,-99.0
2604287,5,119.410957,35.357796,-244.06234660372138,3.596263235900551,-75.67
2604287,5,119.403567,35.357256,-914.2057619444095,-72.64708983665332,-95.0
2604287,5,119.404015,35.357976,-875.4320570133859,8.215333448257297,-96.55
2604287,5,119.407598,35.357976,-549.8121327143162,16.132093898952007,-84.8
2604287,5,119.413644,35.357077,2.0763665487756953,-70.21331932675093,-77.0
2604287,5,119.401551,35.361034,-1107.5916745793074,342.0178232518956,-106.0
2604287,5,119.409837,35.355098,-338.5584438558435,-298.18686455488205,-85.72
2604287,5,119.408045,35.356357,-504.8184600787936,-162.4837767444551,-87.0
2604287,5,119.402447,35.357976,-1017.9304440905107,4.754499569535255,-91.0
2604287,5,119.417003,35.373084,263.96115322515834,1712.9860783703625,-101.0
2604287,5,119.410957,35.354918,-236.28358982573263,-315.6759180543013,-82.0
2604287,5,119.412972,35.360314,-67.75210540683474,287.3955460013822,-86.5
2604287,5,119.410733,35.356177,-260.04379274195526,-176.50418419390917,-90.5
2604287,5,119.409837,35.35258,-331.75629827717785,-577.5221168934368,-86.0
2604287,5,119.413644,35.361573,-10.090036474517547,428.5529249990359,-87.67
2604287,5,119.408717,35.35186,-431.60376715241,-659.8736317292787,-91.0
2604287,5,119.412524,35.359774,-107.00423445831984,226.4975973186083,-86.33
2604287,5,119.414092,35.359235,36.95017550501507,170.17877430235967,-89.0
2604287,5,119.417003,35.357256,306.8584342490649,-42.904690131079406,-85.2
2604287,5,119.425736,35.361393,1089.2648463974474,435.4577879640274,-110.0
2604287,5,119.408717,35.361213,-456.85995852807537,377.7049475843087,-97.54
2604287,5,119.405582,35.358156,-733.5099387544906,31.64457676373422,-106.0
2604287,5,119.410061,35.357256,-324.0312927594641,-58.29248269600794,-106.0
2604287,5,119.412748,35.357616,-80.810333320871,-12.404898045118898,-87.5
2604287,5,119.412972,35.358156,-61.91409019520506,47.99666584236547,-90.0
2604287,5,119.412076,35.359774,-147.71724473137874,225.50502771744505,-85.48
2604287,5,119.404239,35.357796,-854.589969669003,-11.258426757063717,-102.0
2604287,5,119.411628,35.359954,-188.91693855531048,244.48103387095034,-102.0
2604287,5,119.409613,35.354019,-356.0015127499355,-418.3818557243794,-81.4
2604287,5,119.414092,35.362652,27.70151143206749,549.2456826283596,-89.57
2604287,5,119.414763,35.357436,102.79957822582219,-27.90636995108798,-88.0
2604287,5,119.412524,35.360134,-107.97797493147664,266.4343887344003,-86.32
2604287,5,119.412524,35.359954,-107.49110361118801,246.46599278086796,-84.82
2604287,5,119.413868,35.362652,7.3457220325944945,548.7490340969525,-84.0
2604287,5,119.403791,35.357976,-895.788972784183,7.720790116582066,-95.85
2604287,5,119.410957,35.356897,-241.63243920227978,-96.134706097655,-76.49
2604287,5,119.404239,35.357077,-852.6520047549857,-91.02088538836688,-99.79
2604287,5,119.414539,35.363372,66.37296166236047,630.110555998981,-91.0
2604287,5,119.40715,35.356537,-586.6426863148808,-144.49438532907516,-91.0
2604287,5,119.413644,35.357256,1.5920093689346686,-50.35586126567796,-79.91
2604287,5,119.409613,35.358156,-367.1768189211143,40.55787040386349,-83.53
2604287,5,119.409837,35.356717,-342.9322473487118,-118.58245580689982,-91.88
2604287,5,119.409613,35.3524,-351.62840840476565,-597.986188500654,-83.0
2604287,5,119.417003,35.366789,281.02396664209664,1014.6451906310394,-91.0
2604287,5,119.408269,35.357796,-488.34621941985097,-2.352364976890385,-89.6
2604287,5,119.413196,35.359774,-45.93471069331281,227.98679796466604,-90.0
2604287,5,119.423049,35.360314,848.0131619600579,309.77480932930484,-100.0
